filename,size_gb,source,drive_id,drive_letter,copied_date,status
takeout-20260409T090414Z-001.tgz,0,G:\My Drive\Takeout,wd-passport-01,D,2026-04-10,copied
takeout-20260409T090414Z-3-001.tgz,49.67,G:\My Drive\Takeout,wd-passport-01,D,2026-04-09,copied
takeout-20260409T090414Z-3-002.tgz,49.97,G:\My Drive\Takeout,wd-passport-01,D,2026-04-09,copied
takeout-20260409T090414Z-3-003.tgz,49.71,G:\My Drive\Takeout,wd-passport-01,D,2026-04-09,copied
takeout-20260409T090414Z-3-004.tgz,49.46,G:\My Drive\Takeout,wd-passport-01,D,2026-04-09,copied
takeout-20260409T090414Z-3-005.tgz,49.99,G:\My Drive\Takeout,wd-passport-01,D,2026-04-09,copied
takeout-20260409T090414Z-3-006.tgz,49.62,G:\My Drive\Takeout,wd-passport-01,D,2026-04-09,copied
takeout-20260409T090414Z-3-007.tgz,49.96,G:\My Drive\Takeout,wd-passport-01,D,2026-04-09,copied
takeout-20260409T090414Z-3-008.tgz,49.35,G:\My Drive\Takeout,wd-passport-01,D,2026-04-09,copied
takeout-20260409T090414Z-3-009.tgz,49.68,G:\My Drive\Takeout,wd-passport-01,D,2026-04-09,copied
takeout-20260409T090414Z-3-010.tgz,49.75,G:\My Drive\Takeout,wd-passport-01,D,2026-04-09,copied
takeout-20260409T090414Z-3-011.tgz,49.5,G:\My Drive\Takeout,wd-passport-01,D,2026-04-09,copied
takeout-20260409T090414Z-3-012.tgz,49.67,G:\My Drive\Takeout,wd-passport-01,D,2026-04-09,copied
takeout-20260409T090414Z-3-013.tgz,49.47,G:\My Drive\Takeout,wd-passport-01,D,2026-04-09,copied
takeout-20260409T090414Z-3-014.tgz,49.56,G:\My Drive\Takeout,wd-passport-01,D,2026-04-09,copied
takeout-20260409T090414Z-3-015.tgz,49.46,G:\My Drive\Takeout,wd-passport-01,D,2026-04-09,copied
takeout-20260409T090414Z-3-016.tgz,49.69,G:\My Drive\Takeout,wd-passport-01,D,2026-04-09,copied
takeout-20260409T090414Z-3-017.tgz,50,G:\My Drive\Takeout,wd-passport-01,D,2026-04-09,copied
takeout-20260409T090414Z-3-018.tgz,49.7,G:\My Drive\Takeout,wd-passport-01,D,2026-04-09,copied
takeout-20260409T090414Z-3-019.tgz,48.92,G:\My Drive\Takeout,wd-passport-01,D,2026-04-09,copied
takeout-20260409T090414Z-3-020.tgz,49.84,G:\My Drive\Takeout,wd-passport-01,D,2026-04-09,copied
takeout-20260409T090414Z-3-021.tgz,49.68,G:\My Drive\Takeout,wd-passport-01,D,2026-04-09,copied
takeout-20260409T090414Z-3-022.tgz,49.64,G:\My Drive\Takeout,wd-passport-01,D,2026-04-09,copied
takeout-20260409T090414Z-3-023.tgz,50,G:\My Drive\Takeout,wd-passport-01,D,2026-04-09,copied
takeout-20260409T090414Z-3-024.tgz,49.74,G:\My Drive\Takeout,wd-passport-01,D,2026-04-09,copied
takeout-20260409T090414Z-3-025.tgz,49.74,G:\My Drive\Takeout,wd-passport-01,D,2026-04-09,copied
takeout-20260409T090414Z-3-026.tgz,49.86,G:\My Drive\Takeout,wd-passport-01,D,2026-04-09,copied
takeout-20260409T090414Z-3-027.tgz,49.02,G:\My Drive\Takeout,wd-passport-01,D,2026-04-09,copied
takeout-20260409T090414Z-3-028.tgz,49.99,G:\My Drive\Takeout,wd-passport-01,D,2026-04-09,copied
takeout-20260409T090414Z-3-029.tgz,49.61,G:\My Drive\Takeout,wd-passport-01,D,2026-04-09,copied
takeout-20260409T090414Z-3-030.tgz,49.49,G:\My Drive\Takeout,wd-passport-01,D,2026-04-09,copied
takeout-20260409T090414Z-3-031.tgz,49.57,G:\My Drive\Takeout,wd-passport-01,D,2026-04-09,copied
takeout-20260409T090414Z-3-032.tgz,49.7,G:\My Drive\Takeout,wd-passport-01,D,2026-04-09,copied
takeout-20260409T090414Z-3-033.tgz,49.55,G:\My Drive\Takeout,wd-passport-01,D,2026-04-09,copied
takeout-20260409T090414Z-3-034.tgz,49.8,G:\My Drive\Takeout,wd-passport-01,D,2026-04-09,copied
takeout-20260409T090414Z-3-035.tgz,49.83,G:\My Drive\Takeout,wd-passport-01,D,2026-04-09,copied
takeout-20260409T090414Z-3-036.tgz,49.65,G:\My Drive\Takeout,wd-passport-01,D,2026-04-09,copied
takeout-20260409T090414Z-3-037.tgz,50,G:\My Drive\Takeout,wd-passport-01,D,2026-04-09,copied
takeout-20260409T090414Z-3-038.tgz,49.69,G:\My Drive\Takeout,wd-passport-01,D,2026-04-09,copied
takeout-20260409T090414Z-3-039.tgz,49.98,G:\My Drive\Takeout,wd-passport-01,D,2026-04-09,copied
takeout-20260409T090414Z-3-040.tgz,49.77,G:\My Drive\Takeout,wd-passport-01,D,2026-04-09,copied
takeout-20260409T090414Z-3-041.tgz,49.66,G:\My Drive\Takeout,wd-passport-01,D,2026-04-09,copied
takeout-20260409T090414Z-3-042.tgz,49.61,G:\My Drive\Takeout,wd-passport-01,D,2026-06-01,copied
takeout-20260409T090414Z-3-043.tgz,49.79,G:\My Drive\Takeout,wd-passport-01,D,2026-06-01,copied
takeout-20260409T090414Z-3-044.tgz,49.55,G:\My Drive\Takeout,wd-passport-01,D,2026-06-02,copied
takeout-20260409T090414Z-3-045.tgz,50,G:\My Drive\Takeout,wd-passport-01,D,2026-04-09,copied
takeout-20260409T090414Z-3-046.tgz,49.36,G:\My Drive\Takeout,wd-passport-01,D,2026-04-09,copied
takeout-20260409T090414Z-3-047.tgz,49.99,G:\My Drive\Takeout,wd-passport-01,D,2026-04-09,copied
takeout-20260409T090414Z-3-048.tgz,49.99,G:\My Drive\Takeout,wd-passport-01,D,2026-04-09,copied
takeout-20260409T090414Z-3-049.tgz,50,G:\My Drive\Takeout,wd-passport-01,D,2026-04-09,copied
takeout-20260409T090414Z-3-050.tgz,50,G:\My Drive\Takeout,wd-passport-01,D,2026-06-02,copied
takeout-20260409T090414Z-3-051.tgz,50,G:\My Drive\Takeout,wd-passport-01,D,2026-06-02,copied
takeout-20260409T090414Z-3-052.tgz,49.78,G:\My Drive\Takeout,wd-passport-01,D,2026-04-09,copied
takeout-20260409T090414Z-3-053.tgz,49.81,G:\My Drive\Takeout,wd-passport-01,D,2026-06-02,copied
takeout-20260409T090414Z-3-054.tgz,49.98,G:\My Drive\Takeout,wd-passport-01,D,2026-06-02,copied
takeout-20260409T090414Z-3-055.tgz,49.36,G:\My Drive\Takeout,wd-passport-01,D,2026-04-09,copied
takeout-20260409T090414Z-3-056.tgz,49.48,G:\My Drive\Takeout,wd-passport-01,D,2026-04-09,copied
takeout-20260409T090414Z-3-057.tgz,49.11,G:\My Drive\Takeout,wd-passport-01,D,2026-04-09,copied
takeout-20260409T090414Z-3-058.tgz,48.84,G:\My Drive\Takeout,wd-passport-01,D,2026-04-09,copied
takeout-20260409T090414Z-3-059.tgz,48.84,G:\My Drive\Takeout,wd-passport-01,D,2026-04-09,copied
takeout-20260409T090414Z-3-060.tgz,49.22,G:\My Drive\Takeout,wd-passport-01,D,2026-04-09,copied
takeout-20260409T090414Z-3-061.tgz,49.6,G:\My Drive\Takeout,wd-passport-01,D,2026-06-02,copied
takeout-20260409T090414Z-3-062.tgz,49.52,G:\My Drive\Takeout,wd-passport-01,D,2026-06-02,copied
takeout-20260409T090414Z-3-063.tgz,50,G:\My Drive\Takeout,wd-passport-01,D,2026-04-09,copied
takeout-20260409T090414Z-3-064.tgz,49.62,G:\My Drive\Takeout,wd-passport-01,D,2026-04-09,copied
takeout-20260409T090414Z-3-065.tgz,49.58,G:\My Drive\Takeout,wd-passport-01,D,2026-06-02,copied
takeout-20260409T090414Z-3-066.tgz,49.99,G:\My Drive\Takeout,wd-passport-01,D,2026-06-02,copied
takeout-20260409T090414Z-3-067.tgz,49.26,G:\My Drive\Takeout,wd-passport-01,D,2026-06-02,copied
takeout-20260409T090414Z-3-068.tgz,49.98,G:\My Drive\Takeout,wd-passport-01,D,2026-04-09,copied
takeout-20260409T090414Z-3-069.tgz,49.99,G:\My Drive\Takeout,wd-passport-01,D,2026-04-09,copied
takeout-20260409T090414Z-3-070.tgz,49.86,G:\My Drive\Takeout,wd-passport-01,D,2026-04-09,copied
takeout-20260409T090414Z-3-071.tgz,49.35,G:\My Drive\Takeout,wd-passport-01,D,2026-04-09,copied
takeout-20260409T090414Z-3-072.tgz,49.64,G:\My Drive\Takeout,wd-passport-01,D,2026-04-09,copied
takeout-20260409T090414Z-3-073.tgz,49.73,G:\My Drive\Takeout,wd-passport-01,D,2026-06-02,copied
takeout-20260409T090414Z-3-074.tgz,49.99,G:\My Drive\Takeout,wd-passport-01,D,2026-06-02,copied
takeout-20260409T090414Z-3-075.tgz,49.6,G:\My Drive\Takeout,wd-passport-01,D,2026-06-02,copied
takeout-20260409T090414Z-3-076.tgz,49.53,G:\My Drive\Takeout,wd-passport-01,D,2026-06-02,copied
takeout-20260409T090414Z-3-077.tgz,49.49,G:\My Drive\Takeout,wd-passport-01,D,2026-06-02,copied
takeout-20260409T090414Z-3-078.tgz,49.57,G:\My Drive\Takeout,wd-passport-01,D,2026-04-09,copied
takeout-20260409T090414Z-3-079.tgz,49.98,G:\My Drive\Takeout,wd-passport-01,D,2026-06-02,copied
takeout-20260409T090414Z-3-080.tgz,49.03,G:\My Drive\Takeout,wd-passport-01,D,2026-04-09,copied
takeout-20260409T090414Z-3-081.tgz,50,G:\My Drive\Takeout,wd-passport-01,D,2026-06-02,copied
takeout-20260409T090414Z-3-082.tgz,49.46,G:\My Drive\Takeout,wd-passport-01,D,2026-06-02,copied
takeout-20260409T090414Z-3-083.tgz,49.63,G:\My Drive\Takeout,wd-passport-01,D,2026-04-09,copied
takeout-20260409T090414Z-3-084.tgz,49.8,G:\My Drive\Takeout,wd-passport-01,D,2026-06-02,copied
takeout-20260409T090414Z-3-085.tgz,49.67,G:\My Drive\Takeout,wd-passport-01,D,2026-06-02,copied
takeout-20260409T090414Z-3-086.tgz,49.83,G:\My Drive\Takeout,wd-passport-01,D,2026-06-02,copied
takeout-20260409T090414Z-3-087.tgz,49.54,G:\My Drive\Takeout,wd-passport-01,D,2026-06-02,copied
takeout-20260409T090414Z-3-088.tgz,49.25,G:\My Drive\Takeout,wd-passport-01,D,2026-06-02,copied
takeout-20260409T090414Z-3-089.tgz,49.5,G:\My Drive\Takeout,wd-passport-01,D,2026-06-02,copied
takeout-20260409T090414Z-3-090.tgz,49.93,G:\My Drive\Takeout,wd-passport-01,D,2026-06-02,copied
takeout-20260409T090414Z-3-091.tgz,49.56,G:\My Drive\Takeout,wd-passport-01,D,2026-04-09,copied
takeout-20260409T090414Z-3-092.tgz,50,G:\My Drive\Takeout,wd-passport-01,D,2026-06-02,copied
takeout-20260409T090414Z-3-093.tgz,49.5,G:\My Drive\Takeout,wd-passport-01,D,2026-06-02,copied
takeout-20260409T090414Z-3-094.tgz,49.45,G:\My Drive\Takeout,20tb-01,?,?,pending-20tb
takeout-20260409T090414Z-3-095.tgz,49.19,G:\My Drive\Takeout,20tb-01,?,?,pending-20tb
takeout-20260409T090414Z-3-096.tgz,49.13,G:\My Drive\Takeout,20tb-01,?,?,pending-20tb
takeout-20260409T090414Z-3-097.tgz,49.7,G:\My Drive\Takeout,20tb-01,?,?,pending-20tb
takeout-20260409T090414Z-3-098.tgz,49.42,G:\My Drive\Takeout,20tb-01,?,?,pending-20tb
takeout-20260409T090414Z-3-099.tgz,48.8,G:\My Drive\Takeout,20tb-01,?,?,pending-20tb
takeout-20260409T090414Z-3-100.tgz,49.33,G:\My Drive\Takeout,20tb-01,?,?,pending-20tb
takeout-20260409T090414Z-3-101.tgz,49.37,G:\My Drive\Takeout,20tb-01,?,?,pending-20tb
takeout-20260409T090414Z-3-102.tgz,49.52,G:\My Drive\Takeout,20tb-01,?,?,pending-20tb
takeout-20260409T090414Z-3-103.tgz,49.6,G:\My Drive\Takeout,20tb-01,?,?,pending-20tb
takeout-20260409T090414Z-3-104.tgz,48.96,G:\My Drive\Takeout,20tb-01,?,?,pending-20tb
takeout-20260409T090414Z-3-105.tgz,48.84,G:\My Drive\Takeout,20tb-01,?,?,pending-20tb
takeout-20260409T090414Z-3-106.tgz,49.16,G:\My Drive\Takeout,20tb-01,?,?,pending-20tb
takeout-20260409T090414Z-3-107.tgz,49.34,G:\My Drive\Takeout,20tb-01,?,?,pending-20tb
takeout-20260409T090414Z-3-108.tgz,49.78,G:\My Drive\Takeout,20tb-01,?,?,pending-20tb
takeout-20260409T090414Z-3-109.tgz,49.42,G:\My Drive\Takeout,20tb-01,?,?,pending-20tb
takeout-20260409T090414Z-3-110.tgz,49.41,G:\My Drive\Takeout,20tb-01,?,?,pending-20tb
takeout-20260409T090414Z-3-111.tgz,49.31,G:\My Drive\Takeout,20tb-01,?,?,pending-20tb
takeout-20260409T090414Z-3-112.tgz,49.6,G:\My Drive\Takeout,20tb-01,?,?,pending-20tb
takeout-20260409T090414Z-3-113.tgz,49.31,G:\My Drive\Takeout,20tb-01,?,?,pending-20tb
takeout-20260409T090414Z-3-114.tgz,49.28,G:\My Drive\Takeout,20tb-01,?,?,pending-20tb
takeout-20260409T090414Z-3-115.tgz,49.7,G:\My Drive\Takeout,20tb-01,?,?,pending-20tb
takeout-20260409T090414Z-3-116.tgz,49.47,G:\My Drive\Takeout,20tb-01,?,?,pending-20tb
takeout-20260409T090414Z-3-117.tgz,49.51,G:\My Drive\Takeout,20tb-01,?,?,pending-20tb
takeout-20260409T090414Z-3-118.tgz,49.07,G:\My Drive\Takeout,20tb-01,?,?,pending-20tb
takeout-20260409T090414Z-3-119.tgz,49.09,G:\My Drive\Takeout,20tb-01,?,?,pending-20tb
takeout-20260409T090414Z-3-120.tgz,48.92,G:\My Drive\Takeout,20tb-01,?,?,pending-20tb
takeout-20260409T090414Z-3-121.tgz,49.86,G:\My Drive\Takeout,20tb-01,?,?,pending-20tb
takeout-20260409T090414Z-3-122.tgz,49.52,G:\My Drive\Takeout,20tb-01,?,?,pending-20tb
takeout-20260409T090414Z-3-123.tgz,49.55,G:\My Drive\Takeout,20tb-01,?,?,pending-20tb
takeout-20260409T090414Z-3-124.tgz,49.74,G:\My Drive\Takeout,20tb-01,?,?,pending-20tb
takeout-20260409T090414Z-3-125.tgz,49.52,G:\My Drive\Takeout,20tb-01,?,?,pending-20tb
takeout-20260409T090414Z-3-126.tgz,50,G:\My Drive\Takeout,20tb-01,?,?,pending-20tb
takeout-20260409T090414Z-3-127.tgz,49.99,G:\My Drive\Takeout,20tb-01,?,?,pending-20tb
takeout-20260409T090414Z-3-128.tgz,49.62,G:\My Drive\Takeout,20tb-01,?,?,pending-20tb
takeout-20260409T090414Z-3-129.tgz,49.79,G:\My Drive\Takeout,20tb-01,?,?,pending-20tb
takeout-20260409T090414Z-3-130.tgz,46.5,G:\My Drive\Takeout,20tb-01,?,?,pending-20tb
takeout-20260409T090414Z-3-131.tgz,49.3,G:\My Drive\Takeout,20tb-01,?,?,pending-20tb
takeout-20260409T090414Z-3-132.tgz,49.17,G:\My Drive\Takeout,20tb-01,?,?,pending-20tb
takeout-20260409T090414Z-3-133.tgz,50,G:\My Drive\Takeout,20tb-01,?,?,pending-20tb
takeout-20260409T090414Z-3-134.tgz,49.81,G:\My Drive\Takeout,20tb-01,?,?,pending-20tb
takeout-20260409T090414Z-3-135.tgz,49.95,G:\My Drive\Takeout,20tb-01,?,?,pending-20tb
takeout-20260409T090414Z-3-136.tgz,49.54,G:\My Drive\Takeout,20tb-01,?,?,pending-20tb
takeout-20260409T090414Z-3-137.tgz,49.57,G:\My Drive\Takeout,20tb-01,?,?,pending-20tb
takeout-20260409T090414Z-3-138.tgz,49.43,G:\My Drive\Takeout,20tb-01,?,?,pending-20tb
takeout-20260409T090414Z-3-139.tgz,49.31,G:\My Drive\Takeout,20tb-01,?,?,pending-20tb
takeout-20260409T090414Z-3-140.tgz,49.43,G:\My Drive\Takeout,20tb-01,?,?,pending-20tb
takeout-20260409T090414Z-3-141.tgz,49.4,G:\My Drive\Takeout,20tb-01,?,?,pending-20tb
takeout-20260409T090414Z-3-142.tgz,49.66,G:\My Drive\Takeout,20tb-01,?,?,pending-20tb
takeout-20260409T090414Z-3-143.tgz,49.76,G:\My Drive\Takeout,20tb-01,?,?,pending-20tb
takeout-20260409T090414Z-3-144.tgz,49.51,G:\My Drive\Takeout,20tb-01,?,?,pending-20tb
takeout-20260409T090414Z-3-145.tgz,49.5,G:\My Drive\Takeout,20tb-01,?,?,pending-20tb
takeout-20260409T090414Z-3-146.tgz,49.44,G:\My Drive\Takeout,20tb-01,?,?,pending-20tb
takeout-20260409T090414Z-3-147.tgz,49.72,G:\My Drive\Takeout,20tb-01,?,?,pending-20tb
takeout-20260409T090414Z-3-148.tgz,49.72,G:\My Drive\Takeout,20tb-01,?,?,pending-20tb
takeout-20260409T090414Z-3-149.tgz,49.53,G:\My Drive\Takeout,20tb-01,?,?,pending-20tb
takeout-20260409T090414Z-3-150.tgz,49.62,G:\My Drive\Takeout,20tb-01,?,?,pending-20tb
takeout-20260409T090414Z-3-151.tgz,49.71,G:\My Drive\Takeout,20tb-01,?,?,pending-20tb
takeout-20260409T090414Z-3-152.tgz,49.45,G:\My Drive\Takeout,20tb-01,?,?,pending-20tb
takeout-20260409T090414Z-3-153.tgz,49.5,G:\My Drive\Takeout,20tb-01,?,?,pending-20tb
takeout-20260409T090414Z-3-154.tgz,49.99,G:\My Drive\Takeout,20tb-01,?,?,pending-20tb
takeout-20260409T090414Z-3-155.tgz,49.54,G:\My Drive\Takeout,20tb-01,?,?,pending-20tb
takeout-20260409T090414Z-3-156.tgz,49.54,G:\My Drive\Takeout,20tb-01,?,?,pending-20tb
takeout-20260409T090414Z-3-157.tgz,49.56,G:\My Drive\Takeout,20tb-01,?,?,pending-20tb
takeout-20260409T090414Z-3-158.tgz,49.55,G:\My Drive\Takeout,20tb-01,?,?,pending-20tb
takeout-20260409T090414Z-3-159.tgz,49.72,G:\My Drive\Takeout,20tb-01,?,?,pending-20tb
takeout-20260409T090414Z-3-160.tgz,49.82,G:\My Drive\Takeout,20tb-01,?,?,pending-20tb
takeout-20260409T090414Z-3-161.tgz,49.64,G:\My Drive\Takeout,20tb-01,?,?,pending-20tb
takeout-20260409T090414Z-3-162.tgz,49.81,G:\My Drive\Takeout,20tb-01,?,?,pending-20tb
takeout-20260409T090414Z-3-163.tgz,49.53,G:\My Drive\Takeout,20tb-01,?,?,pending-20tb
takeout-20260409T090414Z-3-164.tgz,49.5,G:\My Drive\Takeout,20tb-01,?,?,pending-20tb
takeout-20260409T090414Z-3-165.tgz,49.71,G:\My Drive\Takeout,20tb-01,?,?,pending-20tb
takeout-20260409T090414Z-3-166.tgz,49.57,G:\My Drive\Takeout,20tb-01,?,?,pending-20tb
takeout-20260409T090414Z-3-167.tgz,49.51,G:\My Drive\Takeout,20tb-01,?,?,pending-20tb
takeout-20260409T090414Z-3-168.tgz,49.44,G:\My Drive\Takeout,20tb-01,?,?,pending-20tb
takeout-20260409T090414Z-3-169.tgz,49.68,G:\My Drive\Takeout,20tb-01,?,?,pending-20tb
takeout-20260409T090414Z-3-170.tgz,49.59,G:\My Drive\Takeout,20tb-01,?,?,pending-20tb
takeout-20260409T090414Z-3-171.tgz,49.57,G:\My Drive\Takeout,20tb-01,?,?,pending-20tb
takeout-20260409T090414Z-3-172.tgz,49.77,G:\My Drive\Takeout,20tb-01,?,?,pending-20tb
takeout-20260409T090414Z-3-173.tgz,49.62,G:\My Drive\Takeout,20tb-01,?,?,pending-20tb
takeout-20260409T090414Z-3-174.tgz,50,G:\My Drive\Takeout,20tb-01,?,?,pending-20tb
takeout-20260409T090414Z-3-175.tgz,49.99,G:\My Drive\Takeout,20tb-01,?,?,pending-20tb
takeout-20260409T090414Z-3-176.tgz,49.57,G:\My Drive\Takeout,20tb-01,?,?,pending-20tb
takeout-20260409T090414Z-3-177.tgz,49.55,G:\My Drive\Takeout,20tb-01,?,?,pending-20tb
takeout-20260409T090414Z-3-178.tgz,49.61,G:\My Drive\Takeout,20tb-01,?,?,pending-20tb
takeout-20260409T090414Z-3-179.tgz,49.55,G:\My Drive\Takeout,20tb-01,?,?,pending-20tb
takeout-20260409T090414Z-3-180.tgz,49.5,G:\My Drive\Takeout,20tb-01,?,?,pending-20tb
takeout-20260409T090414Z-3-181.tgz,49.6,G:\My Drive\Takeout,20tb-01,?,?,pending-20tb
takeout-20260409T090414Z-3-182.tgz,49.67,G:\My Drive\Takeout,20tb-01,?,?,pending-20tb
takeout-20260409T090414Z-3-183.tgz,49.65,G:\My Drive\Takeout,20tb-01,?,?,pending-20tb
takeout-20260409T090414Z-3-184.tgz,49.61,G:\My Drive\Takeout,20tb-01,?,?,pending-20tb
takeout-20260409T090414Z-3-185.tgz,49.47,G:\My Drive\Takeout,20tb-01,?,?,pending-20tb
takeout-20260409T090414Z-3-186.tgz,49.5,G:\My Drive\Takeout,20tb-01,?,?,pending-20tb
takeout-20260409T090414Z-3-187.tgz,49.61,G:\My Drive\Takeout,20tb-01,?,?,pending-20tb
takeout-20260409T090414Z-3-188.tgz,49.6,G:\My Drive\Takeout,20tb-01,?,?,pending-20tb
takeout-20260409T090414Z-3-189.tgz,1.34,G:\My Drive\Takeout,20tb-01,?,?,pending-20tb
